<?xml version="1.0" encoding="UTF-8"?>
<beans xmlns="http://www.springframework.org/schema/beans" xmlns:xsi="http://www.w3.org/2001/XMLSchema-instance" xmlns:context="http://www.springframework.org/schema/context" xmlns:aop="http://www.springframework.org/schema/aop" xmlns:util="http://www.springframework.org/schema/util" xmlns:tx="http://www.springframework.org/schema/tx"  xmlns:task="http://www.springframework.org/schema/task" 
	xsi:schemaLocation="http://www.springframework.org/schema/beans http://www.springframework.org/schema/beans/spring-beans-3.0.xsd
	http://www.springframework.org/schema/aop http://www.springframework.org/schema/aop/spring-aop-3.0.xsd
	http://www.springframework.org/schema/tx http://www.springframework.org/schema/tx/spring-tx-3.0.xsd
	http://www.springframework.org/schema/context http://www.springframework.org/schema/context/spring-context-3.0.xsd
	http://www.springframework.org/schema/task http://www.springframework.org/schema/task/spring-task-3.0.xsd
	http://www.springframework.org/schema/util http://www.springframework.org/schema/util/spring-util-3.0.xsd" default-autowire="byName" default-lazy-init="false">
	
	
	<!-- 定时任务配置  scheduler 方式 注解 暂时不支持动态更新 -->
	<context:component-scan base-package="org.jeecgframework.core.timer" />
	<task:executor id="executor" pool-size="5" />  
	<task:scheduler id="scheduler" pool-size="10" />  
	<task:annotation-driven executor="executor" scheduler="scheduler" />
	<!-- 定时任务配置   quartz 可配置到管理界面 -->
	 <bean id="taskDemoServiceTaskJob" 
           class="org.springframework.scheduling.quartz.MethodInvokingJobDetailFactoryBean">
         <property name="targetObject" ref="taskDemoService"/>  
         <property name="targetMethod" value="work"/>  
         <property name="concurrent" value="true"/>
     </bean> 
     
     <bean id="taskDemoServiceTaskCronTrigger" 
           class="org.jeecgframework.core.timer.DataBaseCronTriggerBean">
        <property name="jobDetail" ref="taskDemoServiceTaskJob"/>
        <property name="cronExpression" value="* */30 * * * ?" /> 
     </bean>     
     
     <!-- 定时任务调度器 -->
     <bean id="schedulerFactory"  lazy-init="false" autowire="no"
     	class="org.jeecgframework.core.timer.DataBaseSchedulerFactoryBean">
        <property name="triggers">
           <list>
              <ref bean="taskDemoServiceTaskCronTrigger"/>
           </list>
        </property>
     </bean>
	
</beans>